sale_id,product_id,sale_date,sale_amount
1,74,2015-07-28,924.89
2,57,2022-08-06,438.82
3,60,2015-10-30,727.19
4,99,2019-03-01,501.17
5,37,2015-10-02,388.9
6,100,2021-11-04,432.4
7,49,2022-06-20,360.4
8,65,2018-12-27,909.22
9,68,2024-03-07,282.23
10,54,2018-09-12,451.55
11,21,2015-12-17,157.15
12,26,2017-05-20,617.97
13,78,2023-07-29,620.81
14,18,2019-12-03,650.81
15,33,2018-12-26,503.9
16,7,2020-06-04,883.95
17,83,2020-06-15,484.24
18,62,2019-01-12,96.84
19,48,2020-02-19,389.19
20,71,2017-06-09,425.04
21,14,2023-11-13,646.23
22,92,2018-10-05,799.23
23,67,2022-01-13,256.66
24,16,2020-02-11,994.15
25,37,2019-09-06,548.22
26,11,2016-01-14,29.33
27,98,2024-06-21,388.67
28,21,2017-12-24,716.24
29,35,2022-04-08,484.89
30,58,2024-06-15,783.62
31,66,2023-06-07,350.59
32,19,2015-10-19,569.99
33,56,2020-11-10,328.39
34,12,2021-06-26,277.73
35,29,2023-12-03,35.8
36,58,2020-06-03,601.15
37,45,2022-01-30,39.01
38,4,2021-12-11,812.58
39,54,2017-07-16,288.12
40,7,2020-02-07,810.57
41,51,2021-05-28,476.97
42,65,2018-02-16,363.86
43,48,2024-02-25,588.15
44,31,2023-01-21,240.43
45,50,2019-02-06,168.03
46,11,2018-11-01,255.38
47,48,2020-02-12,248.74
48,29,2017-06-15,538.35
49,4,2022-11-17,793.32
50,41,2015-12-25,739.69
51,13,2024-07-26,766.41
52,92,2022-01-08,948.32
53,84,2022-02-01,579.94
54,43,2024-06-24,982.84
55,19,2024-01-07,394.54
56,18,2017-04-13,935.85
57,5,2021-08-10,991.63
58,37,2019-02-18,181.97
59,61,2019-05-04,244.19
60,90,2018-06-17,324.82
61,18,2020-08-14,740.72
62,98,2016-05-06,365.2
63,91,2022-08-26,595.65
64,61,2021-04-24,706.42
65,58,2016-07-28,358.17
66,79,2024-02-11,571.97
67,1,2018-03-29,150.68
68,11,2015-11-17,948.88
69,3,2019-07-27,838.33
70,33,2021-06-01,812.3
71,28,2015-09-03,970.68
72,20,2016-03-28,546.7
73,71,2018-03-15,183.8
74,94,2024-07-04,47.58
75,78,2018-09-10,65.61
76,68,2023-02-26,605.65
77,55,2018-07-21,29.73
78,15,2020-08-30,483.21
79,100,2020-02-27,338.42
80,37,2015-04-06,617.99
81,31,2018-08-09,808.38
82,39,2018-03-26,347.35
83,16,2016-12-29,185.69
84,7,2023-02-23,804.4
85,31,2019-02-16,869.53
86,54,2018-06-24,68.96
87,82,2021-09-30,156.23
88,80,2019-01-27,707.65
89,59,2024-05-23,150.24
90,9,2020-06-21,119.81
91,15,2019-10-25,531.03
92,64,2021-06-23,371.24
93,77,2022-12-07,81.81
94,69,2024-01-29,707.49
95,3,2021-02-10,665.52
96,81,2020-03-31,590.16
97,66,2019-06-14,343.2
98,74,2021-02-12,329.38
99,31,2023-09-22,976.1
100,92,2023-06-17,735.03
101,19,2022-12-05,442.5
102,38,2016-09-04,642.87
103,55,2022-12-27,492.33
104,1,2020-06-12,324.11
105,79,2018-06-16,710.11
106,46,2021-04-22,566.36
107,31,2020-04-28,890.7
108,74,2022-01-16,617.57
109,54,2015-10-12,363.26
110,24,2024-07-27,668.88
111,86,2018-10-06,816.31
112,86,2017-06-25,384.6
113,11,2015-04-11,736.66
114,68,2019-06-09,301.57
115,47,2024-05-31,185.93
116,9,2022-02-07,11.78
117,68,2020-01-09,704.99
118,70,2017-08-05,577.11
119,65,2018-05-04,852.25
120,65,2020-08-11,773.12
121,71,2018-11-30,571.81
122,3,2021-06-18,190.26
123,50,2024-09-10,325.03
124,61,2019-03-07,810.72
125,6,2023-06-30,615.27
126,82,2024-05-14,643.25
127,50,2020-09-28,113.07
128,48,2019-05-18,501.22
129,33,2023-04-25,337.86
130,96,2023-05-07,87.03
131,3,2022-11-03,353.34
132,46,2017-11-11,326.32
133,9,2020-12-28,639.82
134,45,2017-11-17,963.45
135,31,2017-05-19,823.45
136,94,2024-04-19,673.32
137,85,2023-04-23,731.99
138,81,2018-02-17,342.39
139,14,2024-03-22,21.28
140,99,2015-12-31,217.59
141,75,2023-11-30,696.24
142,95,2015-07-30,356.98
143,97,2016-04-06,789.15
144,43,2015-10-29,723.21
145,18,2015-02-09,57.67
146,6,2022-01-06,443.84
147,46,2017-05-04,425.46
148,70,2018-12-09,174.68
149,44,2016-02-27,419.88
150,83,2017-07-27,882.95
151,23,2015-02-26,357.72
152,100,2018-09-21,381.59
153,88,2023-08-09,830.52
154,60,2022-10-04,790.84
155,90,2021-05-07,582.27
156,62,2016-01-11,760.66
157,81,2023-03-22,233.33
158,24,2023-04-20,456.77
159,18,2015-04-08,801.2
160,9,2015-02-11,43.08
161,92,2024-01-21,29.88
162,100,2024-05-20,268.52
163,59,2021-12-30,113.68
164,5,2015-03-15,348.39
165,38,2015-04-14,889.05
166,26,2024-01-03,169.3
167,6,2019-09-04,84.25
168,26,2024-02-11,942.42
169,6,2019-11-17,978.26
170,41,2015-04-17,344.57
171,40,2023-07-18,985.42
172,66,2022-04-29,894.29
173,51,2018-01-18,707.46
174,70,2016-10-26,437.01
175,61,2016-08-21,657.1
176,33,2023-12-03,611.24
177,5,2017-07-14,439.86
178,97,2019-02-06,63.02
179,83,2018-04-07,337.78
180,25,2023-12-16,974.65
181,37,2019-04-18,415.19
182,46,2021-01-11,558.57
183,100,2019-07-20,926.32
184,7,2021-10-02,544.72
185,84,2016-05-06,663.99
186,43,2021-05-07,304.43
187,35,2021-11-27,104.96
188,16,2022-10-23,398.97
189,48,2024-08-11,554.17
190,56,2019-02-20,496.04
191,52,2018-11-04,63.96
192,96,2020-02-07,13.78
193,57,2016-05-15,96.75
194,50,2015-07-16,825.66
195,44,2016-08-03,628.84
196,24,2021-11-23,485.53
197,64,2021-06-14,106.02
198,89,2021-06-01,214.88
199,64,2024-05-27,641.81
200,48,2023-02-05,977.29
201,67,2015-12-15,478.83
202,35,2015-02-28,124.35
203,11,2017-11-30,787.03
204,94,2016-05-28,476.24
205,55,2023-07-04,895.93
206,11,2022-05-20,272.35
207,56,2020-08-20,645.45
208,78,2024-08-17,393.65
209,24,2016-08-15,377.31
210,70,2023-12-26,387.63
211,38,2015-09-22,194.72
212,42,2018-11-28,54.17
213,14,2018-08-06,445.34
214,11,2024-08-22,270.77
215,42,2023-02-02,838.71
216,85,2019-08-12,568.6
217,38,2015-10-17,159.62
218,40,2016-04-06,699.51
219,58,2019-10-09,105.74
220,78,2024-03-28,671.46
221,92,2024-08-02,810.1
222,55,2015-07-24,419.85
223,22,2018-01-19,758.89
224,89,2020-05-08,235.24
225,57,2015-04-08,70.37
226,45,2018-07-11,393.24
227,58,2017-06-14,527.36
228,6,2021-10-10,965.97
229,94,2016-04-23,690.2
230,46,2020-02-03,937.0
231,79,2017-10-06,576.99
232,56,2024-08-05,243.29
233,36,2019-02-03,305.86
234,82,2024-08-22,400.86
235,8,2021-08-15,855.4
236,10,2024-03-12,44.38
237,86,2020-08-23,575.51
238,82,2021-07-13,521.65
239,52,2017-05-19,575.77
240,47,2016-05-02,982.93
241,66,2023-07-09,155.97
242,96,2020-11-19,949.76
243,87,2015-11-30,454.55
244,21,2016-08-29,949.57
245,4,2022-06-08,175.49
246,19,2018-12-13,219.77
247,78,2016-04-17,200.8
248,87,2020-10-17,52.25
249,57,2021-10-01,87.58
250,5,2020-07-21,686.29
251,17,2015-07-04,209.9
252,9,2019-08-26,824.34
253,31,2022-08-31,156.4
254,100,2023-05-07,599.1
255,83,2018-11-18,326.55
256,47,2021-01-19,729.83
257,47,2024-05-29,809.27
258,50,2021-05-21,96.16
259,73,2022-05-07,560.8
260,5,2018-02-28,556.53
261,78,2021-06-19,858.06
262,20,2016-06-16,524.49
263,87,2020-01-10,917.99
264,58,2019-03-12,22.24
265,48,2016-04-01,703.41
266,48,2016-05-24,591.7
267,57,2019-07-24,783.87
268,98,2017-08-16,121.39
269,10,2021-06-19,158.15
270,74,2017-08-16,570.93
271,18,2021-08-18,586.85
272,68,2020-05-21,965.18
273,47,2021-02-19,109.2
274,51,2016-10-24,114.58
275,41,2016-07-22,781.75
276,84,2015-02-02,787.89
277,36,2020-03-30,868.8
278,32,2022-07-26,881.33
279,15,2021-02-14,879.11
280,4,2019-08-04,271.5
281,95,2016-09-27,658.24
282,24,2017-04-03,576.3
283,64,2016-06-26,478.32
284,67,2018-03-10,180.48
285,50,2022-05-02,408.94
286,72,2022-08-21,622.06
287,16,2024-06-22,684.0
288,34,2024-06-09,407.7
289,100,2023-09-20,401.83
290,34,2021-12-10,880.17
291,91,2016-10-03,693.61
292,58,2015-06-13,58.8
293,28,2016-07-10,480.47
294,79,2021-01-08,275.9
295,37,2024-06-05,378.72
296,89,2016-08-01,344.49
297,63,2020-07-08,795.72
298,26,2021-07-21,317.84
299,16,2015-03-18,844.42
300,18,2019-12-19,859.65
301,10,2022-01-15,688.0
302,58,2021-08-06,972.77
303,23,2016-06-10,235.68
304,92,2024-07-08,307.48
305,57,2019-02-17,746.29
306,12,2024-09-24,776.29
307,88,2023-11-13,327.66
308,41,2017-11-19,731.51
309,86,2021-06-23,608.93
310,45,2017-11-19,98.39
311,91,2017-05-12,447.3
312,9,2019-07-30,914.3
313,71,2020-02-15,413.1
314,70,2019-07-26,489.62
315,38,2023-05-23,521.34
316,39,2017-06-25,380.17
317,21,2016-01-29,65.64
318,92,2017-11-04,793.58
319,91,2022-05-24,74.96
320,90,2019-09-11,712.47
321,82,2022-03-01,409.35
322,23,2020-02-06,782.71
323,47,2023-03-28,529.04
324,66,2016-04-22,572.99
325,29,2021-02-21,182.0
326,16,2019-04-14,876.43
327,26,2019-03-13,208.72
328,18,2023-06-08,67.05
329,31,2018-04-30,42.74
330,64,2022-10-16,60.05
331,4,2016-10-26,366.77
332,47,2017-04-21,207.12
333,71,2020-03-08,374.67
334,74,2015-02-12,469.58
335,48,2021-09-24,402.97
336,60,2020-08-26,923.84
337,71,2021-06-18,684.36
338,17,2020-08-09,249.52
339,79,2022-06-28,493.9
340,12,2020-09-10,451.64
341,9,2022-04-29,960.92
342,40,2017-04-25,479.84
343,51,2020-02-10,555.82
344,92,2020-06-15,350.81
345,93,2018-06-02,839.28
346,62,2023-02-24,266.07
347,68,2020-05-06,832.56
348,53,2018-01-08,99.49
349,99,2021-10-10,37.18
350,53,2020-06-06,59.15
351,74,2019-12-16,855.28
352,10,2023-05-10,782.03
353,17,2019-02-15,222.18
354,41,2020-07-17,229.14
355,83,2021-05-25,232.86
356,10,2019-10-08,214.66
357,58,2021-09-07,655.07
358,60,2021-03-18,518.15
359,88,2016-12-08,865.98
360,67,2024-08-04,967.47
361,45,2018-05-26,685.38
362,17,2024-04-13,479.36
363,100,2018-01-23,140.99
364,71,2024-05-11,181.47
365,82,2015-06-17,802.86
366,76,2022-11-08,231.53
367,24,2018-07-26,612.26
368,99,2022-06-17,943.57
369,17,2019-12-16,715.61
370,56,2016-03-05,712.27
371,65,2021-12-17,282.62
372,8,2023-06-30,896.53
373,16,2017-05-14,853.07
374,67,2020-02-25,464.41
375,20,2019-02-12,226.03
376,39,2019-04-20,309.12
377,22,2017-08-15,525.43
378,21,2022-03-14,627.37
379,42,2021-05-31,588.64
380,91,2016-04-04,17.27
381,29,2022-08-22,999.44
382,45,2023-02-25,966.82
383,67,2021-10-26,840.98
384,37,2024-02-03,565.84
385,11,2023-08-14,597.83
386,33,2022-02-12,289.85
387,26,2024-04-01,687.57
388,82,2015-08-17,486.92
389,71,2021-02-12,342.92
390,36,2024-02-19,283.72
391,17,2016-06-12,331.89
392,81,2016-11-10,284.12
393,39,2019-03-23,659.56
394,79,2021-01-14,952.67
395,69,2017-10-30,654.95
396,12,2015-10-03,196.48
397,65,2024-07-31,522.12
398,83,2021-10-19,247.9
399,22,2020-08-22,66.21
400,76,2022-04-28,858.74
401,75,2016-10-20,811.93
402,20,2015-03-07,410.06
403,22,2016-09-04,326.39
404,85,2019-05-27,148.53
405,80,2018-10-11,35.2
406,93,2023-09-09,502.4
407,78,2023-10-29,302.65
408,44,2024-06-29,907.84
409,73,2018-10-05,410.55
410,6,2022-08-01,739.36
411,4,2021-05-13,587.19
412,11,2021-08-27,994.81
413,6,2022-11-17,817.85
414,83,2023-07-07,349.74
415,99,2017-07-25,716.24
416,74,2020-11-13,689.45
417,34,2015-06-02,641.93
418,84,2023-03-19,480.98
419,27,2016-10-11,941.26
420,99,2020-01-10,364.91
421,74,2022-01-28,307.19
422,54,2016-06-17,178.29
423,80,2016-12-22,661.04
424,82,2017-05-30,562.67
425,4,2020-12-04,300.85
426,64,2020-04-22,476.07
427,81,2020-11-01,743.51
428,70,2022-09-30,727.93
429,38,2018-07-09,563.44
430,83,2023-11-13,913.5
431,39,2023-03-20,947.45
432,62,2020-12-04,900.6
433,32,2023-02-06,657.89
434,88,2016-08-29,230.03
435,52,2022-06-15,231.09
436,39,2022-09-12,872.72
437,59,2020-06-04,426.27
438,10,2016-02-22,887.98
439,89,2020-02-09,377.97
440,8,2015-10-05,589.71
441,21,2016-12-16,469.12
442,57,2015-05-21,126.6
443,54,2020-11-01,63.14
444,62,2016-11-10,638.05
445,60,2017-10-18,584.51
446,27,2019-02-24,624.45
447,44,2023-10-12,477.5
448,78,2017-12-20,202.6
449,19,2024-05-22,128.62
450,41,2017-09-22,683.89
451,92,2020-08-18,534.54
452,41,2024-07-10,418.98
453,94,2022-04-03,872.14
454,45,2022-11-11,159.27
455,52,2018-12-11,992.42
456,17,2021-11-21,349.24
457,98,2018-02-20,987.32
458,48,2018-03-04,893.92
459,66,2022-05-09,986.78
460,72,2021-09-24,151.79
461,14,2015-07-01,863.77
462,41,2018-05-11,188.55
463,31,2022-08-25,90.0
464,60,2022-04-23,339.3
465,16,2021-08-13,986.77
466,35,2015-01-28,320.28
467,58,2018-08-27,67.43
468,32,2018-07-02,457.53
469,19,2019-09-26,217.29
470,13,2016-01-24,775.81
471,7,2016-09-24,580.52
472,38,2024-02-19,166.85
473,50,2018-03-07,787.36
474,79,2021-03-22,781.95
475,54,2020-07-18,138.11
476,32,2018-05-09,439.37
477,21,2022-10-14,435.12
478,42,2016-12-09,434.74
479,74,2019-06-19,482.63
480,93,2023-04-30,14.62
481,41,2023-12-24,538.44
482,25,2020-05-01,733.35
483,98,2021-08-11,950.57
484,21,2021-09-05,893.09
485,64,2016-12-10,759.28
486,66,2020-12-01,535.72
487,60,2020-12-27,27.74
488,64,2022-10-16,14.08
489,40,2017-12-08,736.27
490,64,2020-01-23,234.0
491,3,2016-06-10,878.22
492,12,2017-04-12,318.97
493,51,2020-04-30,111.68
494,65,2017-01-02,508.3
495,59,2019-01-22,313.05
496,31,2020-03-12,74.63
497,28,2016-12-27,55.26
498,75,2018-02-11,948.98
499,46,2021-05-08,461.37
500,7,2017-05-28,525.09
501,7,2023-09-10,528.88
502,37,2021-08-10,439.33
503,64,2022-02-11,689.91
504,77,2017-05-06,142.45
505,84,2021-07-12,996.18
506,87,2022-03-13,495.28
507,61,2018-02-28,752.61
508,37,2023-04-13,173.23
509,69,2024-02-22,907.83
510,2,2017-12-12,813.89
511,14,2024-06-10,28.93
512,56,2017-11-02,232.08
513,18,2023-05-01,985.03
514,34,2019-11-30,219.08
515,94,2017-05-21,31.69
516,47,2018-03-08,509.59
517,98,2020-05-08,131.93
518,52,2022-09-03,714.0
519,47,2015-11-30,794.21
520,6,2021-02-08,381.44
521,52,2015-03-01,643.92
522,7,2023-03-31,773.54
523,73,2017-04-28,626.9
524,72,2018-04-27,597.98
525,25,2021-07-13,57.48
526,47,2024-07-21,117.03
527,71,2023-08-07,837.76
528,37,2023-06-03,57.75
529,10,2021-12-17,124.63
530,50,2023-05-14,449.87
531,65,2022-01-26,132.36
532,58,2022-07-20,260.21
533,98,2023-04-25,704.85
534,71,2017-11-05,213.44
535,36,2016-05-28,688.88
536,80,2024-08-14,19.21
537,88,2015-07-11,426.66
538,79,2018-10-02,109.97
539,16,2019-12-20,525.11
540,17,2015-07-23,626.57
541,13,2019-09-04,703.72
542,51,2018-10-29,424.64
543,48,2024-02-23,899.64
544,44,2019-11-29,516.47
545,72,2017-11-11,621.52
546,47,2022-10-12,289.88
547,97,2024-08-15,786.91
548,19,2023-06-05,502.76
549,26,2024-05-08,612.91
550,78,2023-09-10,780.18
551,66,2016-12-04,833.18
552,52,2024-09-28,973.39
553,65,2016-12-10,364.34
554,6,2019-07-23,415.66
555,6,2024-03-28,168.77
556,5,2021-03-29,552.66
557,18,2024-03-22,911.25
558,92,2015-09-16,691.32
559,43,2022-07-05,485.86
560,61,2024-04-17,242.16
561,67,2018-09-19,22.62
562,59,2022-03-26,98.11
563,20,2016-09-28,119.33
564,78,2019-03-19,578.41
565,66,2020-01-24,499.16
566,18,2015-07-20,949.95
567,42,2022-08-26,781.73
568,79,2019-06-22,84.3
569,41,2020-12-05,726.34
570,21,2016-06-24,905.73
571,51,2022-06-21,647.89
572,79,2016-12-30,462.18
573,95,2019-01-12,977.52
574,39,2018-07-28,271.48
575,76,2020-12-18,59.58
576,44,2022-04-14,815.05
577,65,2017-10-28,875.4
578,66,2017-05-15,853.73
579,69,2018-07-07,366.61
580,63,2018-07-09,680.0
581,91,2016-01-04,431.74
582,73,2024-09-12,124.74
583,39,2020-12-19,852.73
584,61,2024-01-21,891.39
585,3,2019-10-13,19.58
586,48,2024-03-01,147.01
587,43,2017-11-12,650.73
588,87,2020-07-04,335.37
589,15,2019-12-24,895.58
590,54,2019-12-03,955.54
591,75,2024-09-28,275.63
592,40,2019-07-20,735.74
593,93,2023-10-02,378.9
594,89,2016-08-14,349.3
595,81,2017-04-22,122.69
596,4,2022-01-01,406.25
597,77,2016-01-04,461.97
598,61,2019-09-20,837.35
599,34,2017-02-27,693.0
600,84,2017-04-04,483.46
601,100,2019-04-01,427.52
602,75,2017-06-27,887.26
603,74,2020-06-24,175.11
604,30,2019-03-19,141.19
605,93,2021-09-06,729.15
606,7,2023-04-30,981.75
607,75,2017-06-02,845.91
608,62,2019-07-28,112.68
609,22,2022-01-17,912.11
610,68,2021-05-20,487.85
611,81,2022-09-09,573.25
612,93,2016-04-14,443.78
613,80,2016-08-01,615.21
614,100,2021-11-08,781.37
615,49,2023-10-09,615.24
616,19,2019-09-25,863.95
617,88,2021-04-12,881.15
618,32,2022-09-26,730.01
619,5,2023-04-21,892.85
620,74,2020-07-26,488.25
621,90,2015-01-16,493.24
622,15,2016-08-01,888.72
623,25,2022-10-19,446.28
624,3,2021-02-03,72.7
625,57,2016-01-29,658.42
626,41,2024-02-03,22.24
627,54,2021-10-07,869.65
628,20,2018-09-15,529.57
629,53,2022-04-23,746.19
630,89,2018-08-09,726.54
631,27,2023-06-02,231.75
632,53,2019-07-27,956.2
633,65,2020-06-29,874.41
634,100,2019-10-29,523.91
635,79,2020-09-29,691.36
636,61,2024-04-23,622.06
637,95,2017-03-22,438.52
638,94,2024-08-18,729.39
639,8,2023-04-04,487.11
640,91,2020-11-05,667.07
641,18,2015-10-28,644.99
642,67,2015-10-13,157.17
643,27,2016-09-10,828.17
644,72,2022-10-26,893.14
645,42,2015-04-12,616.78
646,85,2017-02-10,21.53
647,62,2017-09-08,935.03
648,68,2022-07-05,510.51
649,49,2022-10-07,474.6
650,41,2015-01-05,500.88
651,23,2022-04-12,173.75
652,59,2018-06-11,753.92
653,69,2017-03-30,327.43
654,44,2020-02-19,337.59
655,70,2017-09-14,285.38
656,46,2019-08-30,511.86
657,87,2016-08-02,554.99
658,99,2021-02-17,384.85
659,93,2019-04-05,818.93
660,88,2016-05-27,88.04
661,83,2021-04-29,449.75
662,89,2017-10-25,577.3
663,34,2015-11-18,97.14
664,79,2021-09-28,503.47
665,62,2020-03-13,322.9
666,25,2018-12-25,980.86
667,32,2022-04-21,747.79
668,36,2016-07-20,27.59
669,72,2016-08-14,409.41
670,39,2015-01-07,45.47
671,29,2018-08-19,553.61
672,39,2023-02-10,827.65
673,99,2016-04-29,793.87
674,37,2017-04-04,963.54
675,91,2018-11-06,641.16
676,27,2023-11-02,891.21
677,89,2022-07-28,566.71
678,91,2015-02-27,658.05
679,63,2015-02-20,461.65
680,41,2020-11-04,347.45
681,62,2017-01-19,827.06
682,45,2022-03-09,818.42
683,72,2017-04-01,845.87
684,93,2023-02-16,338.65
685,36,2016-03-16,769.74
686,37,2018-11-23,603.95
687,16,2021-07-08,719.49
688,74,2016-07-09,369.66
689,87,2016-09-28,458.01
690,70,2016-10-03,106.46
691,49,2020-05-01,662.32
692,51,2021-04-02,12.17
693,45,2020-02-03,361.59
694,99,2017-05-02,637.32
695,19,2021-07-06,801.91
696,38,2017-04-07,552.21
697,6,2017-06-06,380.15
698,37,2016-03-01,115.26
699,92,2024-01-10,897.91
700,11,2024-08-01,497.5
701,45,2015-02-22,823.62
702,57,2017-10-16,745.09
703,84,2022-06-27,415.12
704,33,2020-12-22,261.75
705,96,2018-08-16,203.96
706,62,2017-07-29,129.54
707,28,2022-01-02,853.67
708,26,2022-07-11,223.43
709,69,2018-09-11,826.31
710,35,2016-06-22,198.67
711,72,2016-09-16,344.55
712,90,2017-05-20,759.58
713,35,2017-02-04,56.04
714,18,2021-07-14,636.91
715,14,2020-12-24,675.42
716,79,2022-04-22,131.99
717,95,2020-05-08,892.84
718,76,2017-05-18,462.81
719,31,2019-03-20,593.42
720,32,2019-09-18,509.16
721,7,2016-06-07,964.22
722,86,2019-03-23,14.29
723,68,2024-05-31,738.85
724,29,2019-11-06,557.69
725,82,2015-06-16,438.48
726,30,2020-02-18,589.27
727,7,2018-06-30,925.13
728,13,2023-10-23,783.27
729,53,2023-09-02,911.08
730,43,2018-03-18,694.9
731,92,2021-08-31,181.91
732,61,2020-01-11,817.09
733,13,2015-12-06,112.52
734,88,2019-01-27,660.95
735,99,2023-06-03,610.1
736,18,2021-07-25,328.63
737,1,2016-12-01,882.58
738,71,2019-02-07,424.48
739,21,2023-07-02,612.9
740,53,2016-03-17,695.59
741,84,2023-12-27,255.76
742,61,2015-03-16,403.89
743,62,2021-02-21,349.43
744,84,2020-05-20,301.23
745,26,2017-03-31,806.75
746,97,2021-07-31,146.8
747,37,2024-09-01,606.5
748,42,2022-02-28,887.57
749,37,2021-03-20,517.17
750,83,2024-04-17,844.64
751,8,2017-12-09,552.33
752,99,2023-01-05,320.77
753,12,2016-03-29,739.45
754,84,2015-04-14,558.05
755,74,2016-02-24,225.17
756,30,2015-03-27,217.62
757,69,2019-06-18,717.24
758,95,2018-09-02,689.75
759,93,2015-09-05,921.98
760,5,2016-01-11,141.35
761,23,2021-10-08,713.29
762,54,2023-08-14,975.43
763,23,2019-11-16,186.03
764,5,2023-07-11,547.07
765,51,2022-01-25,640.51
766,64,2022-03-17,713.25
767,24,2021-11-04,763.17
768,96,2016-05-27,566.66
769,38,2024-02-17,586.98
770,5,2024-02-23,943.25
771,2,2017-08-06,713.02
772,39,2019-09-21,677.5
773,73,2016-06-03,894.93
774,78,2020-04-09,538.56
775,14,2016-05-06,878.7
776,43,2023-09-13,428.16
777,37,2018-06-16,22.64
778,59,2017-08-23,115.41
779,83,2024-02-16,387.06
780,70,2020-07-23,62.53
781,68,2021-08-24,66.04
782,64,2016-02-15,274.31
783,18,2020-04-11,787.68
784,65,2022-06-11,983.7
785,60,2019-01-22,686.56
786,35,2015-12-26,154.96
787,25,2019-02-28,71.41
788,15,2016-06-19,786.51
789,43,2022-05-23,211.96
790,21,2016-12-21,545.76
791,94,2022-09-18,365.1
792,59,2015-12-08,458.07
793,83,2020-04-05,619.95
794,33,2017-12-27,678.77
795,92,2017-01-12,566.27
796,24,2015-03-20,232.06
797,2,2017-05-02,650.65
798,95,2015-03-12,395.0
799,44,2017-10-15,515.81
800,38,2023-06-12,798.87
801,73,2020-11-24,699.17
802,87,2023-11-24,696.01
803,97,2023-10-19,56.51
804,25,2019-05-30,387.77
805,23,2017-11-03,422.4
806,79,2021-04-29,790.23
807,82,2017-02-27,688.3
808,52,2019-07-29,966.17
809,55,2017-01-03,63.26
810,66,2015-07-02,746.23
811,42,2020-09-12,211.06
812,12,2022-04-21,870.16
813,52,2019-08-18,861.84
814,86,2023-11-30,448.63
815,13,2016-02-01,233.29
816,24,2019-06-22,637.45
817,18,2016-04-23,712.45
818,62,2023-06-10,374.06
819,42,2022-09-29,592.5
820,32,2023-09-09,741.07
821,1,2021-02-15,204.5
822,34,2015-12-11,727.67
823,50,2023-07-02,201.56
824,31,2024-08-23,454.33
825,58,2017-11-02,983.62
826,97,2021-04-03,83.72
827,35,2017-09-04,962.85
828,43,2019-05-05,737.73
829,39,2016-10-01,128.16
830,75,2016-12-17,50.23
831,93,2018-11-20,286.32
832,74,2023-08-28,271.6
833,2,2015-01-16,169.32
834,34,2015-10-01,847.55
835,84,2015-03-18,15.59
836,47,2019-02-28,471.67
837,89,2015-10-13,938.12
838,31,2023-01-10,49.54
839,8,2021-03-11,929.34
840,86,2021-07-07,600.91
841,16,2017-07-21,775.92
842,60,2018-01-17,629.11
843,40,2015-08-08,844.71
844,21,2024-05-28,308.14
845,52,2022-02-18,792.01
846,88,2018-10-27,554.66
847,65,2020-06-22,82.15
848,91,2019-03-23,710.6
849,99,2022-01-30,530.14
850,40,2020-06-11,957.42
851,89,2019-08-13,525.4
852,16,2016-04-28,788.4
853,82,2024-09-21,167.78
854,38,2021-05-05,547.65
855,48,2017-01-11,409.38
856,79,2023-07-17,355.91
857,29,2015-11-24,884.56
858,29,2018-01-19,666.7
859,18,2018-10-18,337.76
860,62,2023-10-10,300.64
861,20,2015-10-13,950.81
862,59,2021-10-27,622.1
863,96,2016-03-04,480.11
864,78,2022-11-29,565.72
865,48,2019-10-21,754.61
866,54,2020-04-14,652.81
867,90,2020-07-26,123.57
868,71,2016-06-20,352.55
869,61,2024-05-29,247.94
870,97,2022-10-09,645.84
871,69,2015-02-19,919.42
872,86,2021-04-11,251.39
873,28,2018-05-31,49.48
874,98,2019-12-17,886.8
875,32,2024-08-04,387.56
876,88,2020-03-03,798.24
877,97,2019-02-16,122.24
878,77,2022-11-22,264.02
879,11,2021-04-07,726.74
880,68,2023-05-24,34.46
881,58,2018-04-29,521.7
882,68,2024-04-19,772.79
883,91,2019-03-04,519.17
884,47,2017-07-24,513.65
885,10,2015-02-09,491.94
886,73,2021-12-22,303.47
887,15,2015-05-29,655.01
888,8,2018-12-18,327.11
889,71,2024-03-19,91.52
890,65,2020-11-22,105.0
891,26,2015-03-01,971.91
892,74,2020-09-12,775.59
893,69,2015-01-10,537.87
894,20,2021-05-27,630.66
895,22,2020-03-25,218.67
896,42,2016-10-07,633.22
897,67,2018-06-29,221.04
898,57,2024-01-06,688.55
899,15,2019-01-19,837.31
900,88,2022-02-21,213.52
901,27,2023-05-16,830.46
902,92,2016-01-08,879.85
903,75,2017-06-03,743.96
904,63,2019-10-05,440.89
905,12,2016-08-01,818.59
906,66,2015-09-30,81.4
907,58,2018-12-09,689.18
908,8,2023-11-04,33.52
909,59,2022-01-10,719.7
910,17,2021-05-03,47.51
911,66,2022-10-19,82.52
912,54,2016-06-11,186.21
913,59,2016-08-16,259.39
914,73,2023-08-07,79.74
915,8,2017-04-09,823.4
916,72,2021-09-16,911.88
917,60,2016-04-09,413.56
918,87,2024-08-29,456.61
919,40,2016-01-23,410.4
920,93,2022-05-26,323.24
921,3,2017-03-23,395.61
922,51,2019-01-11,127.12
923,33,2019-12-18,15.84
924,1,2019-06-10,723.08
925,96,2020-05-11,72.61
926,28,2021-09-07,748.49
927,75,2020-07-20,55.06
928,10,2020-05-30,849.77
929,6,2022-09-14,364.12
930,55,2019-08-17,507.81
931,45,2018-12-22,296.94
932,90,2016-04-09,689.02
933,9,2018-06-13,610.5
934,70,2017-04-25,288.7
935,8,2016-11-08,927.42
936,9,2017-08-23,387.6
937,61,2016-10-18,823.9
938,5,2017-10-18,40.51
939,37,2022-08-25,164.76
940,53,2022-12-05,227.67
941,24,2020-05-05,749.29
942,99,2021-11-30,798.8
943,18,2017-01-20,850.97
944,99,2024-02-13,302.03
945,83,2021-02-04,637.71
946,94,2018-07-14,305.08
947,83,2022-09-09,888.11
948,54,2020-03-30,965.71
949,48,2022-11-19,868.47
950,49,2019-07-05,651.46
951,58,2017-01-15,957.82
952,49,2016-07-15,21.04
953,49,2017-09-06,876.02
954,11,2020-03-05,149.96
955,88,2015-09-08,51.36
956,85,2018-08-29,576.99
957,70,2020-07-29,400.14
958,18,2017-07-10,552.05
959,84,2016-07-20,94.28
960,45,2019-03-23,217.95
961,16,2021-01-19,744.02
962,23,2021-09-28,728.68
963,69,2023-09-26,219.62
964,51,2015-11-01,906.57
965,68,2020-01-31,852.94
966,17,2019-06-05,151.03
967,94,2017-12-16,192.15
968,29,2015-07-13,620.72
969,1,2021-11-17,260.21
970,97,2022-09-10,123.48
971,3,2024-06-16,674.27
972,39,2024-05-11,571.62
973,60,2019-04-02,63.84
974,87,2016-08-11,753.53
975,93,2022-11-11,990.18
976,70,2016-09-25,553.36
977,55,2017-05-18,648.23
978,69,2017-01-24,82.41
979,49,2015-03-16,674.97
980,30,2016-01-19,258.18
981,32,2018-10-13,205.44
982,59,2017-03-23,584.79
983,45,2018-05-16,952.02
984,20,2021-10-25,363.57
985,36,2021-05-02,674.58
986,25,2016-06-06,242.19
987,93,2019-05-28,292.29
988,98,2016-04-10,79.11
989,15,2015-05-16,201.56
990,5,2016-02-05,491.0
991,85,2018-05-13,335.06
992,54,2022-07-18,662.83
993,79,2017-03-11,696.52
994,99,2016-07-25,160.87
995,3,2020-08-22,571.19
996,31,2017-01-31,809.62
997,27,2015-09-23,959.07
998,9,2022-11-04,176.95
999,13,2015-11-11,320.08
1000,77,2017-11-09,787.8
